RAGGIO,X,Y
0.464101615138,-0.464101615138,-0.267949192431
0.464101615138,0.464101615138,-0.267949192431
0.464101615138,0.000000000000,0.535898384862