RAGGIO,X,Y
0.370191908159,-0.370191908159,-0.509525449494
0.370191908159,0.370191908159,-0.509525449494
0.370191908159,-0.598983089761,0.194621403574
0.370191908159,0.598983089761,0.194621403574
0.370191908159,0.000000000000,0.629808091841