RAGGIO,X,Y
0.333333333333,-0.333333333333,-0.577350269190
0.333333333333,0.333333333333,-0.577350269190
0.333333333333,-0.666666666667,0.000000000000
0.333333333333,0.000000000000,0.000000000000
0.333333333333,0.666666666667,0.000000000000
0.333333333333,-0.333333333333,0.577350269190
0.333333333333,0.333333333333,0.577350269190